Index,Frequency Test,Run Count Test,Run L1 Test,Template Match 4-1 Test,Template Match 4-2 Test,Template Match 4-3 Test,Template Match 4-4 Test,Linear Complexity Test,Blind Spot Complexity Test
1,Passed,Passed,Passed,Passed,Passed,Passed,Passed,Passed,Passed
2,Passed,Passed,Passed,Passed,Passed,Passed,Passed,Passed,Passed
3,Passed,Passed,Passed,Passed,Passed,Passed,Passed,Passed,Passed
4,Passed,Passed,Passed,Passed,Passed,Passed,Passed,Passed,Passed
5,Passed,Passed,Passed,Passed,Passed,Passed,Passed,Passed,Passed
6,Passed,Passed,Passed,Failed,Passed,Passed,Passed,Passed,Passed
7,Passed,Passed,Passed,Passed,Passed,Passed,Passed,Passed,Passed
8,Passed,Passed,Passed,Passed,Passed,Passed,Passed,Passed,Passed
9,Passed,Passed,Passed,Passed,Passed,Passed,Passed,Passed,Passed
10,Passed,Passed,Passed,Passed,Passed,Passed,Passed,Passed,Passed
11,Passed,Passed,Passed,Passed,Passed,Passed,Passed,Passed,Passed
12,Passed,Passed,Passed,Passed,Passed,Passed,Passed,Passed,Passed
13,Passed,Passed,Passed,Passed,Passed,Passed,Passed,Passed,Passed
14,Passed,Passed,Passed,Passed,Passed,Passed,Passed,Passed,Passed
15,Passed,Passed,Passed,Passed,Passed,Passed,Passed,Passed,Passed
16,Passed,Passed,Passed,Passed,Passed,Passed,Passed,Passed,Passed
17,Passed,Passed,Passed,Passed,Passed,Passed,Passed,Passed,Passed
18,Passed,Passed,Passed,Passed,Passed,Passed,Passed,Passed,Passed
19,Passed,Passed,Passed,Passed,Passed,Passed,Passed,Passed,Passed
20,Passed,Passed,Passed,Passed,Passed,Passed,Passed,Passed,Passed
21,Passed,Passed,Passed,Passed,Passed,Passed,Passed,Passed,Passed
22,Passed,Passed,Passed,Passed,Passed,Passed,Passed,Passed,Passed
23,Passed,Passed,Passed,Passed,Passed,Passed,Passed,Passed,Passed
24,Passed,Passed,Passed,Passed,Passed,Passed,Passed,Passed,Passed
25,Passed,Passed,Passed,Passed,Passed,Passed,Passed,Passed,Passed
26,Passed,Passed,Passed,Passed,Passed,Passed,Passed,Passed,Passed
27,Passed,Passed,Passed,Passed,Passed,Passed,Passed,Passed,Passed
28,Passed,Passed,Passed,Passed,Passed,Passed,Passed,Passed,Passed
29,Passed,Passed,Passed,Passed,Passed,Passed,Passed,Passed,Passed
30,Passed,Passed,Passed,Passed,Passed,Passed,Passed,Passed,Passed
31,Passed,Failed,Passed,Passed,Passed,Passed,Passed,Passed,Passed
32,Passed,Passed,Passed,Passed,Passed,Passed,Passed,Passed,Passed
33,Passed,Passed,Passed,Passed,Passed,Passed,Passed,Passed,Passed
34,Passed,Passed,Passed,Passed,Passed,Passed,Passed,Passed,Passed
35,Passed,Passed,Passed,Passed,Passed,Passed,Passed,Passed,Passed
36,Passed,Passed,Passed,Passed,Passed,Passed,Passed,Passed,Passed
37,Passed,Passed,Passed,Passed,Passed,Passed,Passed,Passed,Passed
38,Passed,Passed,Passed,Passed,Passed,Passed,Passed,Passed,Passed
39,Passed,Passed,Passed,Passed,Passed,Passed,Passed,Passed,Passed
40,Passed,Passed,Passed,Passed,Passed,Passed,Passed,Passed,Passed
41,Passed,Passed,Passed,Passed,Passed,Passed,Passed,Passed,Passed
42,Passed,Passed,Passed,Passed,Passed,Passed,Passed,Passed,Passed
43,Passed,Passed,Passed,Passed,Passed,Passed,Passed,Passed,Passed
44,Passed,Passed,Passed,Passed,Passed,Passed,Passed,Passed,Passed
45,Passed,Passed,Passed,Passed,Passed,Passed,Passed,Passed,Passed
46,Passed,Passed,Passed,Passed,Passed,Passed,Passed,Passed,Passed
47,Passed,Passed,Passed,Passed,Passed,Passed,Passed,Passed,Passed
48,Passed,Passed,Passed,Passed,Passed,Passed,Passed,Passed,Passed
49,Passed,Passed,Passed,Passed,Passed,Passed,Passed,Passed,Passed
50,Passed,Passed,Passed,Passed,Passed,Passed,Passed,Passed,Passed
51,Passed,Passed,Passed,Passed,Passed,Passed,Passed,Passed,Passed
52,Passed,Passed,Passed,Passed,Passed,Passed,Passed,Passed,Passed
53,Passed,Passed,Passed,Passed,Passed,Passed,Passed,Passed,Passed
54,Passed,Passed,Passed,Passed,Passed,Passed,Passed,Passed,Passed
55,Passed,Passed,Passed,Passed,Passed,Passed,Passed,Passed,Passed
56,Passed,Passed,Passed,Passed,Passed,Passed,Passed,Passed,Passed
57,Passed,Passed,Passed,Passed,Passed,Passed,Passed,Passed,Passed
58,Passed,Passed,Passed,Passed,Passed,Passed,Passed,Passed,Passed
59,Passed,Passed,Passed,Passed,Passed,Passed,Passed,Passed,Passed
60,Passed,Passed,Passed,Passed,Passed,Passed,Passed,Passed,Passed
61,Passed,Passed,Passed,Passed,Passed,Passed,Passed,Passed,Passed
62,Passed,Passed,Passed,Passed,Passed,Passed,Passed,Passed,Passed
63,Passed,Passed,Passed,Passed,Passed,Passed,Passed,Passed,Passed
64,Passed,Passed,Passed,Passed,Passed,Passed,Passed,Passed,Passed
65,Passed,Passed,Passed,Passed,Passed,Passed,Passed,Passed,Passed
66,Passed,Passed,Passed,Passed,Passed,Passed,Passed,Passed,Passed
67,Passed,Passed,Passed,Passed,Passed,Passed,Passed,Passed,Passed
68,Passed,Passed,Passed,Passed,Passed,Passed,Passed,Passed,Passed
69,Passed,Passed,Passed,Passed,Passed,Passed,Passed,Passed,Passed
70,Passed,Passed,Passed,Passed,Passed,Passed,Passed,Passed,Passed
71,Passed,Passed,Passed,Passed,Passed,Passed,Passed,Passed,Passed
72,Passed,Passed,Passed,Passed,Passed,Passed,Passed,Passed,Passed
73,Passed,Passed,Passed,Passed,Passed,Passed,Passed,Passed,Passed
74,Passed,Passed,Passed,Passed,Passed,Passed,Passed,Passed,Passed
75,Passed,Passed,Passed,Passed,Passed,Passed,Passed,Passed,Passed
76,Passed,Passed,Passed,Passed,Passed,Passed,Passed,Passed,Passed
77,Passed,Passed,Passed,Passed,Passed,Passed,Passed,Passed,Passed
78,Passed,Passed,Passed,Passed,Passed,Passed,Passed,Passed,Passed
79,Passed,Passed,Passed,Passed,Passed,Passed,Failed,Passed,Passed
80,Passed,Passed,Passed,Passed,Passed,Passed,Passed,Passed,Passed
81,Passed,Passed,Passed,Passed,Passed,Passed,Passed,Passed,Passed
82,Passed,Passed,Passed,Passed,Failed,Passed,Passed,Passed,Passed
83,Passed,Passed,Passed,Passed,Passed,Passed,Passed,Passed,Passed
84,Passed,Passed,Passed,Passed,Passed,Passed,Passed,Passed,Passed
85,Passed,Passed,Passed,Passed,Passed,Passed,Passed,Passed,Passed
86,Passed,Passed,Passed,Passed,Passed,Passed,Passed,Passed,Passed
87,Passed,Passed,Passed,Passed,Passed,Passed,Passed,Passed,Passed
88,Passed,Passed,Passed,Passed,Passed,Passed,Passed,Passed,Passed
89,Passed,Passed,Passed,Passed,Passed,Passed,Passed,Passed,Passed
90,Passed,Passed,Passed,Passed,Passed,Passed,Passed,Passed,Passed
91,Passed,Passed,Passed,Passed,Passed,Passed,Passed,Passed,Passed
92,Passed,Passed,Passed,Passed,Passed,Passed,Passed,Passed,Passed
93,Passed,Passed,Passed,Passed,Passed,Passed,Passed,Passed,Passed
94,Passed,Passed,Passed,Passed,Passed,Passed,Passed,Passed,Passed
95,Passed,Passed,Passed,Passed,Passed,Passed,Passed,Passed,Passed
96,Passed,Passed,Passed,Passed,Passed,Passed,Passed,Passed,Passed
97,Passed,Passed,Passed,Passed,Passed,Passed,Passed,Passed,Passed
98,Passed,Passed,Passed,Passed,Passed,Passed,Passed,Passed,Passed
99,Passed,Passed,Passed,Passed,Passed,Passed,Passed,Passed,Passed
100,Passed,Passed,Passed,Passed,Passed,Passed,Passed,Passed,Passed
101,Passed,Passed,Passed,Passed,Passed,Passed,Passed,Passed,Passed
102,Passed,Passed,Passed,Passed,Passed,Passed,Passed,Passed,Passed
103,Passed,Passed,Passed,Passed,Passed,Passed,Passed,Passed,Passed
104,Passed,Passed,Passed,Passed,Passed,Passed,Passed,Passed,Passed
105,Passed,Passed,Passed,Passed,Passed,Passed,Passed,Passed,Passed
106,Passed,Passed,Passed,Passed,Passed,Passed,Passed,Passed,Passed
107,Passed,Passed,Passed,Passed,Passed,Passed,Passed,Passed,Passed
108,Passed,Passed,Passed,Passed,Passed,Passed,Passed,Passed,Passed
109,Passed,Passed,Passed,Passed,Passed,Passed,Passed,Passed,Passed
110,Passed,Passed,Passed,Passed,Passed,Passed,Passed,Passed,Passed
111,Passed,Passed,Passed,Passed,Passed,Passed,Passed,Passed,Passed
112,Passed,Passed,Passed,Passed,Passed,Passed,Passed,Passed,Passed
113,Passed,Passed,Passed,Passed,Passed,Failed,Passed,Passed,Passed
114,Passed,Passed,Passed,Passed,Passed,Passed,Passed,Passed,Passed
115,Passed,Passed,Passed,Passed,Passed,Passed,Passed,Passed,Passed
116,Passed,Passed,Passed,Passed,Passed,Passed,Passed,Passed,Passed
117,Passed,Passed,Passed,Passed,Passed,Passed,Passed,Passed,Passed
118,Passed,Passed,Passed,Passed,Passed,Passed,Passed,Passed,Passed
119,Passed,Passed,Passed,Passed,Passed,Passed,Passed,Passed,Passed
120,Passed,Passed,Passed,Passed,Passed,Passed,Passed,Passed,Passed
121,Passed,Passed,Passed,Passed,Passed,Passed,Passed,Passed,Passed
122,Passed,Passed,Passed,Passed,Passed,Passed,Passed,Passed,Passed
123,Passed,Passed,Passed,Passed,Passed,Passed,Passed,Passed,Passed
124,Passed,Passed,Passed,Passed,Passed,Passed,Passed,Passed,Passed
125,Passed,Passed,Passed,Passed,Passed,Passed,Passed,Passed,Passed
126,Passed,Passed,Passed,Passed,Passed,Passed,Passed,Passed,Passed
127,Passed,Passed,Passed,Passed,Passed,Passed,Passed,Passed,Passed
128,Passed,Passed,Passed,Passed,Passed,Passed,Passed,Passed,Passed
129,Passed,Passed,Passed,Passed,Passed,Passed,Passed,Passed,Passed
130,Passed,Passed,Passed,Passed,Passed,Passed,Passed,Passed,Passed
131,Passed,Passed,Passed,Passed,Passed,Passed,Passed,Passed,Passed
132,Passed,Passed,Passed,Passed,Passed,Passed,Passed,Passed,Passed
133,Passed,Passed,Passed,Passed,Passed,Passed,Passed,Passed,Passed
134,Passed,Passed,Passed,Passed,Passed,Passed,Passed,Passed,Passed
135,Passed,Passed,Passed,Passed,Passed,Passed,Passed,Passed,Passed
136,Passed,Passed,Passed,Passed,Passed,Passed,Passed,Passed,Passed
137,Passed,Passed,Passed,Passed,Passed,Passed,Passed,Passed,Passed
138,Passed,Passed,Passed,Passed,Passed,Passed,Passed,Passed,Passed
139,Passed,Passed,Passed,Passed,Passed,Passed,Passed,Passed,Passed
140,Passed,Passed,Passed,Passed,Passed,Passed,Passed,Passed,Passed
141,Passed,Passed,Passed,Passed,Passed,Passed,Passed,Passed,Passed
142,Passed,Passed,Passed,Passed,Passed,Passed,Passed,Passed,Passed
143,Passed,Passed,Passed,Passed,Passed,Passed,Passed,Passed,Passed
144,Passed,Passed,Passed,Passed,Passed,Passed,Passed,Passed,Passed
145,Passed,Passed,Passed,Passed,Passed,Passed,Passed,Passed,Passed
146,Passed,Passed,Passed,Passed,Passed,Passed,Passed,Passed,Passed
147,Passed,Passed,Passed,Passed,Passed,Passed,Passed,Passed,Passed
148,Passed,Passed,Passed,Passed,Passed,Passed,Failed,Passed,Passed
149,Passed,Passed,Passed,Passed,Passed,Passed,Passed,Passed,Passed
150,Passed,Passed,Passed,Passed,Passed,Passed,Passed,Passed,Passed
151,Passed,Passed,Passed,Passed,Passed,Passed,Passed,Passed,Passed
152,Passed,Passed,Passed,Passed,Passed,Passed,Passed,Passed,Passed
153,Passed,Passed,Passed,Passed,Passed,Passed,Passed,Passed,Passed
154,Passed,Passed,Passed,Passed,Passed,Passed,Passed,Passed,Passed
155,Passed,Passed,Passed,Passed,Passed,Passed,Passed,Passed,Passed
156,Passed,Passed,Passed,Passed,Passed,Passed,Passed,Passed,Passed
157,Passed,Passed,Passed,Passed,Passed,Passed,Passed,Passed,Passed
158,Passed,Passed,Passed,Passed,Passed,Passed,Passed,Passed,Passed
159,Passed,Passed,Passed,Passed,Passed,Passed,Passed,Passed,Passed
160,Passed,Passed,Passed,Passed,Passed,Passed,Passed,Passed,Passed
161,Passed,Passed,Passed,Passed,Passed,Passed,Passed,Passed,Passed
162,Passed,Passed,Passed,Passed,Passed,Passed,Passed,Passed,Passed
163,Passed,Passed,Passed,Passed,Passed,Passed,Passed,Passed,Passed
164,Passed,Passed,Passed,Passed,Passed,Passed,Passed,Passed,Passed
165,Passed,Passed,Passed,Passed,Passed,Passed,Passed,Passed,Passed
166,Passed,Passed,Passed,Passed,Passed,Passed,Passed,Passed,Passed
167,Passed,Passed,Passed,Passed,Passed,Passed,Passed,Passed,Passed
168,Passed,Passed,Passed,Passed,Passed,Passed,Passed,Passed,Passed
169,Passed,Passed,Passed,Passed,Passed,Passed,Passed,Passed,Passed
170,Passed,Passed,Passed,Passed,Passed,Passed,Passed,Passed,Passed
171,Passed,Passed,Passed,Passed,Passed,Passed,Passed,Passed,Passed
172,Passed,Passed,Passed,Passed,Passed,Passed,Passed,Passed,Passed
173,Passed,Passed,Passed,Passed,Passed,Passed,Passed,Passed,Passed
174,Failed,Passed,Passed,Passed,Passed,Passed,Passed,Passed,Passed
175,Passed,Passed,Passed,Passed,Passed,Passed,Passed,Passed,Passed
176,Passed,Passed,Passed,Passed,Passed,Passed,Passed,Passed,Passed
177,Passed,Passed,Passed,Passed,Passed,Passed,Passed,Passed,Passed
178,Passed,Passed,Passed,Passed,Passed,Passed,Passed,Passed,Passed
179,Passed,Passed,Passed,Passed,Passed,Passed,Passed,Passed,Passed
180,Passed,Passed,Passed,Passed,Passed,Passed,Passed,Passed,Passed
181,Passed,Passed,Passed,Passed,Passed,Passed,Passed,Passed,Passed
182,Failed,Passed,Passed,Passed,Passed,Passed,Failed,Passed,Passed
183,Passed,Passed,Passed,Passed,Passed,Passed,Passed,Passed,Passed
184,Passed,Passed,Passed,Passed,Passed,Passed,Passed,Passed,Passed
185,Passed,Passed,Passed,Passed,Passed,Passed,Passed,Passed,Passed
186,Passed,Passed,Passed,Passed,Passed,Passed,Passed,Passed,Passed
187,Passed,Passed,Passed,Passed,Passed,Passed,Passed,Passed,Passed
188,Passed,Passed,Passed,Passed,Passed,Passed,Passed,Passed,Passed
189,Passed,Passed,Passed,Passed,Passed,Passed,Passed,Passed,Passed
190,Passed,Passed,Passed,Passed,Passed,Passed,Passed,Passed,Passed
191,Passed,Passed,Passed,Passed,Passed,Passed,Passed,Passed,Passed
192,Passed,Passed,Passed,Passed,Passed,Passed,Passed,Passed,Passed
193,Passed,Passed,Passed,Passed,Passed,Passed,Passed,Passed,Passed
194,Passed,Passed,Passed,Passed,Passed,Passed,Passed,Passed,Passed
195,Passed,Passed,Passed,Passed,Passed,Passed,Passed,Passed,Passed
196,Passed,Passed,Passed,Passed,Passed,Passed,Passed,Passed,Passed
197,Passed,Passed,Passed,Passed,Passed,Passed,Passed,Passed,Passed
198,Passed,Passed,Passed,Passed,Passed,Passed,Passed,Passed,Passed
199,Passed,Passed,Passed,Passed,Passed,Passed,Passed,Passed,Passed
200,Passed,Passed,Passed,Passed,Passed,Passed,Passed,Passed,Passed
201,Passed,Passed,Passed,Passed,Passed,Passed,Passed,Passed,Passed
202,Passed,Passed,Passed,Passed,Passed,Passed,Passed,Passed,Passed
203,Passed,Passed,Passed,Passed,Passed,Passed,Passed,Passed,Passed
204,Passed,Passed,Passed,Passed,Passed,Passed,Passed,Passed,Passed
205,Passed,Passed,Passed,Passed,Passed,Passed,Passed,Passed,Passed
206,Passed,Passed,Passed,Passed,Passed,Passed,Passed,Passed,Passed
207,Passed,Passed,Passed,Passed,Passed,Passed,Passed,Passed,Passed
208,Passed,Passed,Passed,Passed,Passed,Passed,Passed,Passed,Passed
209,Passed,Passed,Passed,Passed,Passed,Passed,Passed,Passed,Passed
210,Passed,Passed,Passed,Passed,Passed,Passed,Passed,Passed,Passed
211,Passed,Passed,Passed,Passed,Passed,Passed,Passed,Passed,Passed
212,Passed,Passed,Passed,Passed,Passed,Passed,Passed,Passed,Passed
213,Passed,Passed,Passed,Passed,Passed,Passed,Passed,Passed,Passed
214,Passed,Passed,Passed,Passed,Passed,Passed,Passed,Passed,Passed
215,Passed,Passed,Passed,Passed,Passed,Passed,Passed,Passed,Passed
216,Passed,Passed,Passed,Passed,Passed,Passed,Passed,Passed,Passed
217,Passed,Passed,Passed,Passed,Passed,Passed,Passed,Passed,Passed
218,Passed,Passed,Passed,Passed,Passed,Passed,Passed,Passed,Passed
219,Passed,Passed,Passed,Passed,Passed,Passed,Passed,Passed,Passed
220,Passed,Passed,Passed,Passed,Passed,Passed,Passed,Passed,Passed
221,Passed,Passed,Passed,Passed,Passed,Passed,Passed,Passed,Passed
222,Passed,Passed,Passed,Passed,Passed,Passed,Passed,Passed,Passed
223,Passed,Passed,Passed,Passed,Passed,Passed,Passed,Passed,Passed
224,Passed,Passed,Passed,Passed,Passed,Passed,Passed,Passed,Passed
225,Passed,Passed,Passed,Passed,Passed,Passed,Passed,Passed,Passed
226,Passed,Passed,Passed,Passed,Passed,Passed,Passed,Passed,Passed
227,Passed,Passed,Passed,Passed,Passed,Passed,Passed,Passed,Passed
228,Passed,Passed,Passed,Passed,Passed,Passed,Passed,Passed,Passed
229,Passed,Passed,Passed,Passed,Passed,Passed,Passed,Passed,Passed
230,Passed,Passed,Passed,Passed,Passed,Passed,Passed,Passed,Passed
231,Passed,Passed,Passed,Passed,Passed,Passed,Passed,Passed,Failed
232,Passed,Passed,Passed,Passed,Passed,Passed,Passed,Passed,Passed
233,Passed,Passed,Passed,Passed,Passed,Passed,Passed,Passed,Passed
234,Passed,Passed,Passed,Passed,Passed,Passed,Passed,Passed,Passed
235,Passed,Passed,Passed,Passed,Passed,Passed,Passed,Passed,Passed
236,Passed,Passed,Passed,Passed,Passed,Passed,Passed,Passed,Passed
237,Passed,Passed,Passed,Passed,Passed,Passed,Passed,Passed,Passed
238,Passed,Passed,Passed,Passed,Passed,Passed,Passed,Passed,Passed
239,Passed,Passed,Passed,Passed,Passed,Passed,Passed,Passed,Passed
240,Passed,Passed,Passed,Passed,Passed,Passed,Passed,Passed,Passed
241,Passed,Passed,Passed,Passed,Passed,Passed,Passed,Passed,Passed
242,Passed,Passed,Passed,Passed,Passed,Passed,Passed,Passed,Passed
243,Passed,Passed,Passed,Passed,Passed,Passed,Passed,Passed,Passed
244,Passed,Passed,Passed,Passed,Passed,Passed,Passed,Passed,Passed
245,Passed,Passed,Passed,Passed,Passed,Passed,Passed,Passed,Passed
246,Passed,Passed,Passed,Passed,Passed,Passed,Passed,Passed,Passed
247,Passed,Passed,Passed,Passed,Passed,Passed,Passed,Passed,Passed
248,Passed,Passed,Passed,Passed,Passed,Passed,Passed,Passed,Passed
249,Passed,Passed,Passed,Passed,Passed,Passed,Passed,Passed,Passed
250,Passed,Passed,Passed,Passed,Passed,Passed,Passed,Passed,Passed
251,Passed,Passed,Passed,Passed,Passed,Passed,Passed,Passed,Passed
252,Passed,Passed,Passed,Passed,Passed,Passed,Passed,Passed,Passed
253,Passed,Passed,Passed,Passed,Passed,Passed,Passed,Passed,Passed
254,Passed,Passed,Passed,Passed,Passed,Passed,Passed,Passed,Passed
255,Passed,Passed,Passed,Passed,Passed,Passed,Passed,Passed,Passed
256,Passed,Passed,Passed,Passed,Passed,Passed,Passed,Passed,Passed
257,Passed,Passed,Passed,Passed,Passed,Passed,Passed,Passed,Passed
258,Passed,Passed,Passed,Passed,Passed,Passed,Passed,Passed,Passed
259,Passed,Passed,Passed,Passed,Passed,Passed,Passed,Passed,Passed
260,Passed,Passed,Passed,Passed,Passed,Passed,Passed,Passed,Passed
261,Passed,Passed,Passed,Passed,Passed,Passed,Passed,Passed,Passed
262,Passed,Passed,Passed,Passed,Passed,Passed,Passed,Passed,Passed
263,Passed,Passed,Passed,Passed,Passed,Passed,Passed,Passed,Passed
264,Passed,Passed,Passed,Passed,Passed,Passed,Passed,Passed,Passed
265,Passed,Passed,Passed,Passed,Passed,Passed,Passed,Passed,Passed
266,Passed,Passed,Passed,Passed,Passed,Passed,Passed,Passed,Passed
267,Passed,Passed,Passed,Passed,Passed,Passed,Passed,Passed,Passed
268,Passed,Passed,Passed,Passed,Passed,Passed,Passed,Passed,Passed
269,Passed,Passed,Passed,Passed,Passed,Passed,Passed,Passed,Passed
270,Passed,Passed,Passed,Passed,Passed,Passed,Passed,Passed,Passed
271,Passed,Passed,Passed,Passed,Passed,Passed,Passed,Passed,Passed
272,Passed,Passed,Passed,Passed,Passed,Passed,Passed,Passed,Passed
273,Passed,Passed,Passed,Passed,Passed,Passed,Passed,Passed,Passed
274,Passed,Passed,Passed,Passed,Passed,Passed,Passed,Passed,Passed
275,Passed,Passed,Passed,Passed,Passed,Passed,Passed,Passed,Passed
276,Passed,Passed,Passed,Passed,Passed,Passed,Passed,Passed,Passed
277,Passed,Passed,Passed,Passed,Passed,Passed,Passed,Passed,Passed
278,Passed,Passed,Passed,Passed,Passed,Passed,Passed,Passed,Passed
279,Passed,Passed,Passed,Passed,Passed,Passed,Passed,Passed,Passed
280,Passed,Passed,Passed,Passed,Passed,Passed,Passed,Passed,Passed
281,Passed,Passed,Passed,Passed,Passed,Passed,Passed,Passed,Passed
282,Passed,Passed,Passed,Passed,Passed,Passed,Passed,Passed,Passed
283,Passed,Passed,Passed,Passed,Passed,Passed,Passed,Passed,Passed
284,Passed,Passed,Passed,Passed,Passed,Passed,Passed,Passed,Passed
285,Passed,Passed,Passed,Passed,Passed,Passed,Passed,Passed,Passed
286,Passed,Passed,Passed,Passed,Passed,Passed,Passed,Passed,Passed
287,Passed,Passed,Passed,Passed,Passed,Passed,Passed,Passed,Passed
288,Passed,Passed,Passed,Passed,Passed,Passed,Passed,Passed,Passed
289,Passed,Passed,Passed,Passed,Passed,Passed,Passed,Passed,Passed
290,Passed,Passed,Passed,Passed,Passed,Passed,Passed,Passed,Passed
291,Passed,Passed,Passed,Passed,Passed,Passed,Passed,Passed,Passed
292,Passed,Passed,Passed,Passed,Passed,Passed,Passed,Passed,Passed
293,Passed,Passed,Passed,Passed,Passed,Passed,Passed,Passed,Passed
294,Passed,Passed,Passed,Passed,Passed,Passed,Passed,Passed,Passed
295,Passed,Passed,Passed,Passed,Passed,Passed,Passed,Passed,Passed
296,Passed,Passed,Passed,Passed,Passed,Passed,Passed,Passed,Passed
297,Passed,Passed,Passed,Passed,Passed,Passed,Passed,Passed,Passed
298,Passed,Passed,Passed,Passed,Passed,Passed,Passed,Passed,Passed
299,Passed,Passed,Passed,Passed,Passed,Passed,Passed,Passed,Passed
300,Passed,Passed,Passed,Passed,Passed,Passed,Passed,Passed,Passed
301,Passed,Passed,Passed,Passed,Passed,Passed,Passed,Passed,Passed
302,Passed,Passed,Passed,Passed,Passed,Passed,Passed,Passed,Passed
303,Passed,Passed,Passed,Passed,Passed,Passed,Passed,Passed,Passed
304,Passed,Passed,Passed,Passed,Passed,Passed,Passed,Passed,Passed
305,Passed,Passed,Passed,Passed,Passed,Passed,Passed,Passed,Passed
306,Passed,Passed,Passed,Passed,Passed,Passed,Passed,Passed,Passed
307,Passed,Passed,Passed,Passed,Passed,Passed,Passed,Passed,Passed
308,Passed,Passed,Passed,Passed,Passed,Passed,Passed,Passed,Passed
309,Passed,Passed,Passed,Passed,Passed,Passed,Passed,Passed,Passed
310,Passed,Passed,Passed,Passed,Passed,Passed,Passed,Passed,Passed
311,Passed,Passed,Passed,Passed,Passed,Passed,Passed,Passed,Passed
312,Passed,Passed,Passed,Passed,Passed,Passed,Passed,Passed,Passed
313,Passed,Passed,Passed,Passed,Passed,Passed,Passed,Passed,Passed
314,Passed,Passed,Passed,Passed,Passed,Passed,Passed,Passed,Passed
315,Passed,Passed,Passed,Passed,Passed,Passed,Passed,Passed,Passed
316,Passed,Passed,Passed,Passed,Passed,Passed,Passed,Passed,Passed
317,Passed,Passed,Passed,Passed,Passed,Passed,Passed,Passed,Passed
318,Passed,Passed,Passed,Passed,Passed,Passed,Passed,Passed,Passed
319,Passed,Passed,Passed,Passed,Passed,Passed,Passed,Passed,Passed
320,Passed,Passed,Passed,Passed,Passed,Passed,Passed,Passed,Passed
321,Passed,Passed,Passed,Passed,Passed,Passed,Passed,Passed,Passed
322,Passed,Passed,Passed,Passed,Passed,Passed,Passed,Passed,Passed
323,Passed,Passed,Passed,Passed,Passed,Passed,Passed,Passed,Passed
324,Passed,Passed,Passed,Passed,Failed,Passed,Passed,Passed,Passed
325,Passed,Passed,Passed,Passed,Passed,Passed,Passed,Passed,Passed
326,Passed,Passed,Passed,Passed,Passed,Passed,Passed,Passed,Passed
327,Passed,Passed,Passed,Passed,Passed,Passed,Passed,Passed,Passed
328,Passed,Passed,Passed,Passed,Passed,Passed,Passed,Passed,Passed
329,Passed,Passed,Passed,Passed,Passed,Passed,Passed,Passed,Passed
330,Passed,Passed,Passed,Passed,Passed,Passed,Passed,Passed,Passed
331,Passed,Passed,Passed,Passed,Passed,Passed,Passed,Passed,Passed
332,Passed,Passed,Passed,Passed,Passed,Passed,Passed,Passed,Passed
333,Passed,Passed,Passed,Passed,Passed,Passed,Passed,Passed,Passed
334,Passed,Passed,Passed,Passed,Passed,Passed,Passed,Passed,Passed
335,Passed,Passed,Passed,Passed,Passed,Passed,Passed,Passed,Passed
336,Passed,Passed,Passed,Passed,Passed,Passed,Passed,Passed,Passed
337,Passed,Passed,Passed,Passed,Passed,Passed,Passed,Passed,Passed
338,Passed,Passed,Passed,Passed,Passed,Passed,Passed,Passed,Passed
339,Passed,Passed,Passed,Passed,Passed,Passed,Passed,Passed,Passed
340,Passed,Passed,Passed,Passed,Passed,Passed,Passed,Passed,Passed
341,Passed,Passed,Passed,Passed,Passed,Passed,Passed,Passed,Passed
342,Passed,Passed,Passed,Passed,Passed,Passed,Passed,Passed,Passed
343,Passed,Passed,Passed,Passed,Passed,Passed,Passed,Passed,Passed
344,Passed,Passed,Passed,Passed,Passed,Passed,Passed,Passed,Passed
345,Passed,Passed,Passed,Passed,Passed,Passed,Passed,Passed,Passed
346,Passed,Passed,Passed,Passed,Passed,Passed,Passed,Passed,Passed
347,Passed,Passed,Passed,Passed,Passed,Passed,Passed,Passed,Passed
348,Passed,Passed,Passed,Passed,Passed,Passed,Passed,Passed,Passed
349,Passed,Passed,Passed,Passed,Passed,Passed,Passed,Passed,Passed
350,Passed,Passed,Passed,Passed,Passed,Passed,Passed,Passed,Passed
351,Passed,Passed,Passed,Passed,Passed,Passed,Passed,Passed,Passed
352,Passed,Passed,Passed,Passed,Passed,Passed,Passed,Passed,Passed
353,Passed,Passed,Passed,Passed,Passed,Passed,Passed,Passed,Passed
354,Passed,Passed,Passed,Passed,Passed,Passed,Passed,Passed,Passed
355,Passed,Passed,Passed,Passed,Passed,Passed,Passed,Passed,Passed
356,Passed,Passed,Passed,Passed,Passed,Passed,Passed,Passed,Passed
357,Passed,Passed,Passed,Passed,Passed,Passed,Passed,Passed,Passed
358,Passed,Passed,Passed,Passed,Passed,Passed,Passed,Passed,Passed
359,Passed,Passed,Passed,Passed,Passed,Passed,Passed,Passed,Passed
360,Passed,Passed,Passed,Passed,Passed,Passed,Passed,Passed,Passed
361,Passed,Passed,Passed,Passed,Passed,Passed,Passed,Passed,Passed
362,Passed,Passed,Passed,Passed,Passed,Passed,Passed,Passed,Passed
363,Passed,Passed,Passed,Passed,Passed,Passed,Passed,Passed,Passed
364,Passed,Passed,Passed,Passed,Passed,Passed,Passed,Passed,Passed
365,Passed,Passed,Passed,Passed,Passed,Passed,Passed,Passed,Passed
366,Passed,Passed,Passed,Passed,Passed,Passed,Passed,Passed,Passed
367,Passed,Passed,Passed,Passed,Passed,Passed,Passed,Passed,Passed
368,Passed,Passed,Passed,Passed,Passed,Passed,Passed,Passed,Passed
369,Passed,Passed,Passed,Passed,Passed,Passed,Passed,Passed,Passed
370,Passed,Passed,Passed,Passed,Passed,Passed,Passed,Passed,Passed
371,Passed,Passed,Passed,Passed,Passed,Passed,Passed,Passed,Passed
372,Passed,Passed,Passed,Passed,Passed,Passed,Passed,Passed,Passed
373,Passed,Passed,Passed,Passed,Passed,Passed,Passed,Passed,Passed
374,Passed,Passed,Passed,Passed,Passed,Passed,Passed,Passed,Passed
375,Passed,Passed,Passed,Passed,Passed,Passed,Passed,Passed,Passed
376,Passed,Passed,Passed,Passed,Passed,Passed,Passed,Passed,Passed
377,Passed,Passed,Passed,Passed,Passed,Passed,Passed,Passed,Passed
378,Passed,Passed,Passed,Passed,Passed,Passed,Passed,Passed,Passed
379,Passed,Passed,Passed,Passed,Passed,Passed,Passed,Passed,Passed
380,Passed,Passed,Passed,Passed,Passed,Passed,Passed,Passed,Passed
381,Passed,Passed,Passed,Passed,Passed,Passed,Passed,Passed,Passed
382,Passed,Passed,Passed,Passed,Passed,Passed,Passed,Passed,Passed
383,Passed,Passed,Passed,Passed,Passed,Passed,Passed,Passed,Passed
384,Passed,Passed,Passed,Passed,Passed,Passed,Passed,Passed,Passed
385,Passed,Passed,Passed,Passed,Passed,Passed,Passed,Passed,Passed
386,Passed,Passed,Passed,Passed,Passed,Passed,Passed,Passed,Passed
387,Passed,Passed,Passed,Passed,Passed,Passed,Passed,Passed,Passed
388,Passed,Passed,Passed,Passed,Passed,Passed,Passed,Passed,Passed
389,Passed,Passed,Passed,Passed,Passed,Passed,Passed,Passed,Passed
390,Passed,Passed,Passed,Passed,Passed,Passed,Passed,Passed,Passed
391,Passed,Passed,Passed,Passed,Passed,Passed,Passed,Passed,Passed
392,Passed,Passed,Passed,Passed,Passed,Passed,Passed,Passed,Passed
393,Passed,Passed,Passed,Passed,Passed,Passed,Passed,Passed,Passed
394,Passed,Passed,Passed,Passed,Passed,Passed,Passed,Passed,Passed
395,Passed,Passed,Passed,Passed,Passed,Passed,Passed,Passed,Passed
396,Passed,Passed,Passed,Passed,Passed,Passed,Passed,Passed,Passed
397,Passed,Passed,Passed,Passed,Passed,Passed,Passed,Passed,Passed
398,Passed,Passed,Passed,Passed,Passed,Passed,Passed,Passed,Passed
399,Passed,Passed,Passed,Passed,Passed,Passed,Passed,Passed,Passed
400,Passed,Passed,Passed,Passed,Passed,Passed,Passed,Passed,Passed
401,Passed,Passed,Passed,Passed,Passed,Passed,Passed,Passed,Passed
402,Passed,Passed,Passed,Passed,Passed,Passed,Passed,Passed,Passed
403,Passed,Passed,Passed,Passed,Passed,Passed,Passed,Passed,Passed
404,Passed,Passed,Passed,Passed,Passed,Passed,Passed,Passed,Passed
405,Passed,Passed,Passed,Passed,Passed,Passed,Passed,Passed,Passed
406,Passed,Passed,Passed,Passed,Passed,Passed,Passed,Passed,Passed
407,Passed,Passed,Passed,Passed,Passed,Passed,Passed,Passed,Passed
408,Passed,Passed,Passed,Passed,Passed,Passed,Passed,Passed,Passed
409,Passed,Passed,Passed,Passed,Passed,Passed,Passed,Passed,Passed
410,Passed,Passed,Passed,Passed,Passed,Passed,Passed,Passed,Passed
411,Passed,Passed,Passed,Passed,Passed,Passed,Passed,Passed,Passed
412,Passed,Passed,Passed,Passed,Passed,Passed,Passed,Passed,Passed
413,Passed,Passed,Passed,Passed,Passed,Passed,Passed,Passed,Passed
414,Passed,Passed,Passed,Passed,Passed,Passed,Passed,Passed,Passed
415,Passed,Passed,Passed,Passed,Passed,Passed,Passed,Passed,Passed
416,Passed,Passed,Passed,Passed,Passed,Passed,Passed,Passed,Passed
417,Passed,Passed,Passed,Passed,Passed,Passed,Passed,Passed,Passed
418,Passed,Passed,Passed,Passed,Passed,Passed,Passed,Passed,Passed
419,Passed,Passed,Passed,Passed,Passed,Passed,Passed,Passed,Passed
420,Passed,Passed,Passed,Passed,Passed,Passed,Passed,Passed,Passed
421,Passed,Passed,Passed,Passed,Passed,Passed,Passed,Passed,Passed
422,Passed,Passed,Passed,Passed,Passed,Passed,Passed,Passed,Passed
423,Passed,Passed,Passed,Passed,Passed,Passed,Passed,Passed,Passed
424,Passed,Passed,Passed,Passed,Passed,Passed,Passed,Passed,Passed
425,Passed,Passed,Passed,Passed,Passed,Passed,Passed,Passed,Passed
426,Passed,Passed,Passed,Passed,Passed,Passed,Passed,Passed,Passed
427,Passed,Passed,Passed,Passed,Passed,Passed,Passed,Passed,Passed
428,Passed,Passed,Passed,Passed,Passed,Passed,Passed,Passed,Passed
429,Passed,Passed,Passed,Passed,Passed,Passed,Passed,Passed,Passed
430,Passed,Passed,Passed,Passed,Passed,Passed,Passed,Passed,Passed
431,Passed,Passed,Passed,Passed,Passed,Passed,Passed,Passed,Passed
432,Passed,Passed,Passed,Passed,Passed,Passed,Passed,Passed,Passed
433,Passed,Passed,Passed,Passed,Passed,Passed,Passed,Passed,Passed
434,Passed,Passed,Passed,Passed,Passed,Passed,Passed,Passed,Passed
435,Passed,Passed,Passed,Passed,Passed,Passed,Passed,Passed,Passed
436,Passed,Passed,Passed,Passed,Passed,Passed,Passed,Passed,Passed
437,Passed,Passed,Passed,Passed,Passed,Passed,Passed,Passed,Passed
438,Passed,Passed,Passed,Passed,Passed,Passed,Passed,Passed,Passed
439,Passed,Passed,Passed,Passed,Passed,Passed,Passed,Passed,Passed
440,Passed,Passed,Passed,Passed,Passed,Passed,Passed,Passed,Passed
441,Passed,Passed,Passed,Passed,Passed,Passed,Passed,Passed,Passed
442,Passed,Passed,Passed,Passed,Passed,Passed,Passed,Passed,Passed
443,Passed,Passed,Passed,Passed,Passed,Passed,Passed,Passed,Passed
444,Passed,Passed,Passed,Passed,Passed,Passed,Passed,Passed,Passed
445,Passed,Passed,Passed,Passed,Passed,Passed,Passed,Passed,Passed
446,Passed,Passed,Passed,Passed,Passed,Passed,Passed,Passed,Passed
447,Passed,Passed,Passed,Passed,Passed,Passed,Passed,Passed,Passed
448,Passed,Passed,Passed,Passed,Passed,Passed,Passed,Passed,Passed
449,Passed,Passed,Passed,Passed,Passed,Passed,Passed,Passed,Passed
450,Passed,Passed,Passed,Passed,Passed,Passed,Passed,Passed,Passed
451,Passed,Passed,Passed,Passed,Passed,Passed,Passed,Passed,Passed
452,Passed,Passed,Passed,Passed,Passed,Passed,Passed,Passed,Passed
453,Passed,Passed,Passed,Passed,Passed,Passed,Passed,Passed,Passed
454,Passed,Passed,Passed,Passed,Passed,Passed,Passed,Passed,Passed
455,Passed,Passed,Passed,Passed,Passed,Passed,Passed,Passed,Passed
456,Passed,Passed,Passed,Passed,Passed,Passed,Passed,Passed,Passed
457,Passed,Passed,Passed,Passed,Passed,Passed,Passed,Passed,Passed
458,Passed,Passed,Passed,Passed,Passed,Passed,Passed,Passed,Passed
459,Passed,Passed,Passed,Passed,Passed,Passed,Passed,Passed,Passed
460,Passed,Passed,Passed,Passed,Passed,Passed,Passed,Passed,Passed
461,Passed,Passed,Passed,Passed,Passed,Passed,Passed,Passed,Passed
462,Passed,Passed,Passed,Passed,Passed,Passed,Passed,Passed,Passed
463,Passed,Passed,Passed,Passed,Passed,Passed,Passed,Passed,Passed
464,Passed,Passed,Passed,Passed,Passed,Passed,Passed,Passed,Passed
465,Passed,Passed,Passed,Passed,Passed,Passed,Passed,Passed,Passed
466,Passed,Passed,Passed,Passed,Passed,Passed,Passed,Passed,Passed
467,Passed,Passed,Passed,Passed,Passed,Passed,Passed,Passed,Passed
468,Passed,Passed,Passed,Passed,Passed,Passed,Passed,Passed,Passed
469,Passed,Passed,Passed,Passed,Passed,Passed,Passed,Passed,Passed
470,Passed,Passed,Passed,Passed,Passed,Passed,Passed,Passed,Passed
471,Passed,Passed,Passed,Passed,Passed,Passed,Passed,Passed,Passed
472,Passed,Passed,Passed,Passed,Passed,Passed,Passed,Passed,Passed
473,Passed,Passed,Passed,Passed,Passed,Passed,Passed,Passed,Passed
474,Passed,Passed,Passed,Passed,Passed,Passed,Passed,Passed,Passed
475,Passed,Passed,Passed,Passed,Passed,Passed,Passed,Passed,Passed
476,Passed,Passed,Passed,Passed,Passed,Passed,Passed,Passed,Passed
477,Passed,Passed,Passed,Passed,Passed,Passed,Passed,Passed,Passed
478,Passed,Passed,Passed,Passed,Passed,Passed,Passed,Passed,Passed
479,Passed,Passed,Passed,Passed,Passed,Passed,Passed,Passed,Passed
480,Passed,Passed,Passed,Passed,Passed,Passed,Passed,Passed,Passed
481,Passed,Passed,Passed,Passed,Passed,Passed,Passed,Passed,Passed
482,Passed,Passed,Passed,Passed,Passed,Passed,Passed,Passed,Passed
483,Passed,Passed,Passed,Passed,Passed,Passed,Passed,Passed,Passed
484,Passed,Passed,Passed,Passed,Passed,Passed,Passed,Passed,Passed
485,Passed,Passed,Passed,Passed,Passed,Passed,Passed,Passed,Passed
486,Passed,Passed,Passed,Passed,Passed,Passed,Passed,Passed,Passed
487,Passed,Passed,Passed,Passed,Passed,Passed,Passed,Passed,Passed
488,Passed,Passed,Passed,Passed,Passed,Passed,Passed,Passed,Passed
489,Passed,Passed,Passed,Passed,Passed,Passed,Passed,Passed,Passed
490,Passed,Passed,Passed,Passed,Passed,Passed,Passed,Passed,Passed
491,Passed,Passed,Passed,Passed,Passed,Passed,Passed,Passed,Passed
492,Passed,Passed,Passed,Passed,Passed,Passed,Passed,Passed,Passed
493,Passed,Passed,Passed,Passed,Passed,Passed,Passed,Passed,Passed
494,Passed,Passed,Passed,Passed,Passed,Passed,Passed,Passed,Passed
495,Passed,Passed,Passed,Passed,Passed,Passed,Passed,Passed,Passed
496,Passed,Passed,Passed,Passed,Passed,Passed,Passed,Passed,Passed
497,Passed,Passed,Passed,Passed,Passed,Passed,Passed,Passed,Passed
498,Passed,Passed,Passed,Passed,Passed,Passed,Passed,Passed,Passed
499,Passed,Passed,Passed,Passed,Passed,Passed,Passed,Passed,Passed
500,Passed,Passed,Passed,Passed,Passed,Passed,Passed,Passed,Passed
501,Passed,Passed,Passed,Passed,Passed,Passed,Passed,Passed,Passed
502,Passed,Passed,Passed,Passed,Passed,Passed,Passed,Passed,Passed
503,Passed,Passed,Passed,Passed,Passed,Passed,Passed,Passed,Passed
504,Passed,Passed,Passed,Passed,Passed,Passed,Passed,Passed,Passed
505,Passed,Passed,Passed,Passed,Passed,Passed,Passed,Passed,Passed
506,Passed,Passed,Passed,Passed,Passed,Passed,Passed,Passed,Passed
507,Passed,Passed,Passed,Passed,Passed,Passed,Passed,Passed,Passed
508,Passed,Passed,Passed,Passed,Passed,Passed,Passed,Passed,Passed
509,Passed,Passed,Passed,Passed,Passed,Passed,Passed,Passed,Passed
510,Passed,Passed,Passed,Passed,Passed,Passed,Passed,Passed,Passed
511,Passed,Passed,Passed,Passed,Passed,Passed,Passed,Passed,Passed
512,Passed,Passed,Passed,Passed,Passed,Passed,Passed,Passed,Passed
513,Passed,Passed,Passed,Passed,Passed,Passed,Passed,Passed,Passed
514,Passed,Passed,Passed,Passed,Passed,Passed,Passed,Passed,Passed
515,Passed,Passed,Passed,Passed,Passed,Passed,Passed,Passed,Passed
516,Passed,Passed,Passed,Passed,Passed,Passed,Passed,Passed,Passed
517,Passed,Passed,Passed,Passed,Passed,Passed,Passed,Passed,Passed
518,Passed,Passed,Passed,Passed,Passed,Passed,Passed,Passed,Passed
519,Passed,Passed,Passed,Passed,Passed,Passed,Passed,Passed,Passed
520,Passed,Passed,Passed,Passed,Passed,Passed,Passed,Passed,Passed
521,Passed,Passed,Passed,Passed,Passed,Passed,Passed,Passed,Passed
522,Passed,Passed,Passed,Passed,Passed,Passed,Passed,Passed,Passed
523,Passed,Passed,Passed,Passed,Passed,Passed,Passed,Passed,Passed
524,Passed,Passed,Passed,Passed,Passed,Passed,Passed,Passed,Passed
525,Passed,Passed,Passed,Passed,Passed,Passed,Passed,Passed,Passed
526,Passed,Passed,Passed,Passed,Passed,Passed,Passed,Passed,Passed
527,Passed,Passed,Passed,Passed,Passed,Passed,Passed,Passed,Passed
528,Passed,Passed,Passed,Passed,Passed,Passed,Passed,Passed,Passed
529,Passed,Passed,Passed,Passed,Passed,Passed,Passed,Passed,Passed
530,Passed,Passed,Passed,Passed,Passed,Passed,Passed,Passed,Passed
531,Passed,Passed,Passed,Passed,Passed,Passed,Passed,Passed,Passed
532,Passed,Passed,Passed,Passed,Passed,Passed,Passed,Passed,Passed
533,Passed,Passed,Passed,Passed,Passed,Passed,Passed,Passed,Passed
534,Passed,Passed,Passed,Passed,Passed,Passed,Passed,Passed,Passed
535,Passed,Passed,Passed,Passed,Passed,Passed,Passed,Passed,Passed
536,Passed,Passed,Passed,Passed,Passed,Passed,Passed,Passed,Passed
537,Passed,Passed,Passed,Passed,Passed,Passed,Passed,Passed,Passed
538,Passed,Passed,Passed,Passed,Passed,Passed,Passed,Passed,Passed
539,Passed,Passed,Passed,Passed,Passed,Passed,Passed,Passed,Passed
540,Passed,Passed,Passed,Passed,Passed,Passed,Passed,Passed,Passed
541,Passed,Passed,Passed,Passed,Passed,Passed,Passed,Passed,Passed
542,Passed,Passed,Passed,Passed,Passed,Passed,Passed,Passed,Passed
543,Passed,Passed,Passed,Passed,Passed,Passed,Passed,Passed,Passed
544,Passed,Passed,Passed,Passed,Passed,Passed,Passed,Passed,Passed
545,Passed,Passed,Passed,Passed,Passed,Passed,Passed,Passed,Passed
546,Passed,Passed,Passed,Passed,Passed,Passed,Passed,Passed,Passed
547,Passed,Passed,Passed,Passed,Passed,Passed,Passed,Passed,Passed
548,Passed,Passed,Passed,Passed,Passed,Passed,Passed,Passed,Passed
549,Passed,Passed,Passed,Passed,Passed,Passed,Passed,Passed,Passed
550,Passed,Passed,Passed,Passed,Passed,Passed,Passed,Passed,Passed
551,Passed,Passed,Passed,Passed,Passed,Passed,Passed,Passed,Passed
552,Passed,Passed,Passed,Passed,Passed,Passed,Passed,Passed,Passed
553,Passed,Passed,Passed,Passed,Passed,Passed,Passed,Passed,Passed
554,Passed,Passed,Passed,Passed,Passed,Passed,Passed,Passed,Passed
555,Passed,Passed,Passed,Passed,Passed,Passed,Passed,Passed,Passed
556,Passed,Passed,Passed,Passed,Passed,Passed,Passed,Passed,Passed
557,Passed,Passed,Passed,Passed,Passed,Passed,Passed,Passed,Passed
558,Passed,Passed,Passed,Passed,Passed,Passed,Passed,Passed,Passed
559,Passed,Passed,Passed,Passed,Passed,Passed,Passed,Passed,Passed
560,Passed,Passed,Passed,Passed,Passed,Passed,Passed,Passed,Passed
561,Passed,Passed,Passed,Passed,Passed,Passed,Passed,Passed,Passed
562,Passed,Passed,Passed,Passed,Passed,Passed,Passed,Passed,Passed
563,Passed,Passed,Passed,Passed,Passed,Passed,Passed,Passed,Passed
564,Passed,Passed,Passed,Passed,Passed,Passed,Passed,Passed,Passed
565,Passed,Passed,Passed,Passed,Passed,Passed,Passed,Passed,Passed
566,Passed,Passed,Passed,Passed,Passed,Passed,Passed,Passed,Passed
567,Passed,Passed,Passed,Passed,Passed,Passed,Passed,Passed,Passed
568,Passed,Passed,Passed,Passed,Passed,Passed,Passed,Passed,Passed
569,Passed,Passed,Passed,Passed,Passed,Passed,Passed,Passed,Passed
570,Passed,Passed,Passed,Passed,Passed,Passed,Passed,Passed,Passed
571,Passed,Passed,Passed,Passed,Passed,Passed,Passed,Passed,Passed
572,Passed,Passed,Passed,Passed,Passed,Passed,Passed,Passed,Passed
573,Passed,Passed,Passed,Passed,Passed,Passed,Passed,Passed,Passed
574,Passed,Passed,Passed,Passed,Passed,Passed,Passed,Passed,Passed
575,Passed,Passed,Passed,Passed,Passed,Passed,Passed,Passed,Passed
576,Passed,Passed,Passed,Passed,Passed,Passed,Passed,Passed,Passed
577,Passed,Passed,Passed,Passed,Passed,Passed,Passed,Passed,Passed
578,Passed,Passed,Passed,Passed,Passed,Passed,Passed,Passed,Passed
579,Passed,Passed,Passed,Passed,Passed,Passed,Passed,Passed,Passed
580,Passed,Passed,Passed,Passed,Passed,Passed,Passed,Passed,Passed
581,Passed,Passed,Passed,Passed,Passed,Passed,Passed,Passed,Passed
582,Passed,Passed,Passed,Passed,Passed,Passed,Passed,Passed,Passed
583,Passed,Passed,Passed,Passed,Passed,Passed,Passed,Passed,Passed
584,Passed,Passed,Passed,Passed,Passed,Passed,Passed,Passed,Passed
585,Passed,Passed,Passed,Passed,Passed,Passed,Passed,Passed,Passed
586,Passed,Passed,Passed,Passed,Passed,Passed,Passed,Passed,Passed
587,Passed,Passed,Passed,Passed,Passed,Passed,Passed,Passed,Passed
588,Passed,Passed,Passed,Passed,Passed,Passed,Passed,Passed,Passed
589,Passed,Passed,Passed,Passed,Passed,Passed,Passed,Passed,Passed
590,Passed,Passed,Passed,Passed,Passed,Passed,Passed,Passed,Passed
591,Passed,Passed,Passed,Passed,Passed,Passed,Passed,Passed,Passed
592,Passed,Passed,Passed,Passed,Passed,Passed,Passed,Passed,Passed
593,Passed,Passed,Passed,Passed,Passed,Passed,Passed,Passed,Passed
594,Passed,Passed,Passed,Passed,Passed,Passed,Passed,Passed,Passed
595,Passed,Passed,Passed,Passed,Passed,Passed,Passed,Passed,Passed
596,Passed,Passed,Passed,Passed,Passed,Passed,Passed,Passed,Passed
597,Passed,Passed,Passed,Passed,Passed,Passed,Passed,Passed,Passed
598,Passed,Passed,Passed,Passed,Passed,Passed,Passed,Passed,Passed
599,Passed,Passed,Passed,Passed,Passed,Passed,Passed,Passed,Passed
600,Passed,Passed,Passed,Passed,Passed,Passed,Passed,Passed,Passed
601,Passed,Passed,Passed,Passed,Passed,Passed,Passed,Passed,Passed
602,Passed,Passed,Passed,Passed,Passed,Passed,Passed,Passed,Passed
603,Passed,Passed,Passed,Passed,Passed,Passed,Passed,Passed,Passed
604,Passed,Passed,Passed,Passed,Passed,Passed,Passed,Passed,Passed
605,Passed,Passed,Passed,Passed,Passed,Passed,Passed,Passed,Passed
606,Passed,Passed,Passed,Passed,Passed,Passed,Passed,Passed,Passed
607,Passed,Passed,Passed,Passed,Passed,Passed,Passed,Passed,Passed
608,Passed,Passed,Passed,Passed,Passed,Passed,Passed,Passed,Passed
609,Passed,Passed,Passed,Passed,Passed,Passed,Passed,Passed,Passed
610,Passed,Passed,Passed,Passed,Passed,Passed,Passed,Passed,Passed
611,Passed,Passed,Passed,Passed,Passed,Passed,Passed,Passed,Passed
612,Passed,Passed,Passed,Passed,Passed,Passed,Passed,Passed,Passed
613,Passed,Passed,Passed,Passed,Passed,Passed,Passed,Passed,Passed
614,Passed,Passed,Passed,Passed,Passed,Passed,Passed,Passed,Passed
615,Passed,Passed,Passed,Passed,Passed,Passed,Passed,Passed,Passed
616,Passed,Passed,Passed,Passed,Passed,Passed,Passed,Passed,Passed
617,Passed,Passed,Passed,Passed,Passed,Passed,Passed,Passed,Passed
618,Passed,Passed,Passed,Passed,Passed,Passed,Passed,Passed,Passed
619,Passed,Passed,Passed,Passed,Passed,Passed,Passed,Passed,Passed
620,Passed,Passed,Passed,Passed,Passed,Passed,Passed,Passed,Passed
621,Passed,Passed,Passed,Passed,Passed,Passed,Passed,Passed,Passed
622,Passed,Passed,Passed,Passed,Passed,Passed,Passed,Passed,Passed
623,Passed,Passed,Passed,Passed,Passed,Passed,Passed,Passed,Passed
624,Passed,Passed,Passed,Passed,Passed,Passed,Passed,Passed,Passed
625,Passed,Passed,Passed,Passed,Passed,Passed,Passed,Passed,Passed
626,Passed,Passed,Passed,Passed,Passed,Passed,Passed,Passed,Passed
627,Passed,Passed,Passed,Passed,Passed,Passed,Passed,Passed,Passed
628,Passed,Passed,Passed,Passed,Passed,Passed,Passed,Passed,Passed
629,Passed,Passed,Passed,Passed,Passed,Passed,Passed,Passed,Passed
630,Passed,Passed,Passed,Passed,Passed,Passed,Passed,Passed,Passed
631,Passed,Passed,Passed,Passed,Passed,Passed,Passed,Passed,Passed
632,Passed,Passed,Passed,Passed,Passed,Passed,Passed,Passed,Passed
633,Passed,Passed,Passed,Passed,Passed,Passed,Passed,Passed,Passed
634,Passed,Passed,Passed,Passed,Passed,Passed,Passed,Passed,Passed
635,Passed,Passed,Passed,Passed,Passed,Passed,Passed,Passed,Passed
636,Passed,Passed,Passed,Passed,Passed,Passed,Passed,Passed,Passed
637,Passed,Passed,Passed,Passed,Passed,Passed,Passed,Passed,Passed
638,Passed,Passed,Passed,Passed,Passed,Passed,Passed,Passed,Passed
639,Passed,Passed,Passed,Passed,Passed,Passed,Passed,Passed,Passed
640,Passed,Passed,Passed,Passed,Passed,Passed,Passed,Passed,Passed
641,Passed,Passed,Passed,Passed,Passed,Passed,Passed,Passed,Passed
642,Passed,Passed,Passed,Passed,Passed,Passed,Passed,Passed,Passed
643,Passed,Passed,Passed,Passed,Passed,Passed,Passed,Passed,Passed
644,Passed,Passed,Passed,Passed,Passed,Passed,Passed,Passed,Passed
645,Passed,Passed,Passed,Passed,Passed,Passed,Passed,Passed,Passed
646,Passed,Passed,Passed,Passed,Passed,Passed,Passed,Passed,Passed
647,Passed,Passed,Passed,Passed,Passed,Passed,Passed,Passed,Passed
648,Passed,Passed,Passed,Passed,Passed,Passed,Passed,Passed,Passed
649,Passed,Passed,Passed,Passed,Passed,Passed,Passed,Passed,Passed
650,Passed,Passed,Passed,Passed,Passed,Passed,Passed,Passed,Passed
651,Passed,Passed,Passed,Passed,Passed,Passed,Passed,Passed,Passed
652,Passed,Passed,Passed,Passed,Passed,Passed,Passed,Passed,Passed
653,Passed,Passed,Passed,Passed,Passed,Passed,Passed,Passed,Passed
654,Passed,Passed,Passed,Passed,Passed,Passed,Passed,Passed,Passed
655,Passed,Passed,Passed,Passed,Passed,Passed,Passed,Passed,Passed
656,Passed,Passed,Passed,Passed,Passed,Passed,Passed,Passed,Passed
657,Passed,Passed,Passed,Passed,Passed,Passed,Passed,Passed,Passed
658,Passed,Passed,Passed,Passed,Passed,Passed,Passed,Passed,Passed
659,Passed,Passed,Passed,Passed,Passed,Passed,Passed,Passed,Passed
660,Passed,Passed,Passed,Passed,Passed,Passed,Passed,Passed,Passed
661,Passed,Passed,Passed,Passed,Passed,Passed,Passed,Passed,Passed
662,Passed,Passed,Passed,Passed,Passed,Passed,Passed,Passed,Passed
663,Passed,Passed,Passed,Passed,Passed,Passed,Passed,Passed,Passed
664,Passed,Passed,Passed,Passed,Passed,Passed,Passed,Passed,Passed
665,Passed,Passed,Passed,Passed,Passed,Passed,Passed,Passed,Passed
666,Passed,Passed,Passed,Passed,Passed,Passed,Passed,Passed,Passed
667,Passed,Passed,Passed,Passed,Passed,Passed,Passed,Passed,Passed
668,Passed,Passed,Passed,Passed,Passed,Passed,Passed,Passed,Passed
669,Passed,Passed,Passed,Passed,Passed,Passed,Passed,Passed,Passed
670,Passed,Passed,Passed,Passed,Passed,Passed,Passed,Passed,Passed
671,Passed,Passed,Passed,Passed,Passed,Passed,Passed,Passed,Passed
672,Passed,Passed,Passed,Passed,Passed,Passed,Passed,Passed,Passed
673,Passed,Passed,Passed,Passed,Passed,Passed,Passed,Passed,Passed
674,Passed,Passed,Passed,Passed,Passed,Passed,Passed,Passed,Passed
675,Passed,Passed,Passed,Passed,Passed,Passed,Passed,Passed,Passed
676,Passed,Passed,Passed,Passed,Passed,Passed,Passed,Passed,Passed
677,Passed,Passed,Passed,Passed,Passed,Passed,Passed,Passed,Passed
678,Passed,Passed,Passed,Passed,Passed,Passed,Passed,Passed,Passed
679,Passed,Passed,Passed,Passed,Passed,Passed,Passed,Passed,Passed
680,Passed,Passed,Passed,Passed,Passed,Passed,Passed,Passed,Passed
681,Passed,Passed,Passed,Passed,Passed,Passed,Passed,Passed,Passed
682,Passed,Passed,Passed,Passed,Passed,Passed,Passed,Passed,Passed
683,Passed,Passed,Passed,Passed,Passed,Passed,Passed,Passed,Passed
684,Passed,Passed,Passed,Passed,Passed,Passed,Passed,Passed,Passed
685,Passed,Passed,Passed,Passed,Passed,Passed,Passed,Passed,Passed
686,Passed,Passed,Passed,Passed,Passed,Passed,Passed,Passed,Passed
687,Passed,Passed,Passed,Passed,Passed,Passed,Passed,Passed,Passed
688,Passed,Passed,Passed,Passed,Passed,Passed,Passed,Passed,Passed
689,Passed,Passed,Passed,Passed,Passed,Passed,Passed,Passed,Passed
690,Passed,Passed,Passed,Passed,Passed,Passed,Passed,Passed,Passed
691,Passed,Passed,Passed,Passed,Passed,Passed,Passed,Passed,Passed
692,Passed,Passed,Passed,Passed,Passed,Passed,Passed,Passed,Passed
693,Passed,Passed,Passed,Passed,Passed,Passed,Passed,Passed,Passed
694,Passed,Passed,Passed,Passed,Passed,Passed,Passed,Passed,Passed
695,Passed,Passed,Passed,Passed,Passed,Passed,Passed,Passed,Passed
696,Passed,Passed,Passed,Passed,Passed,Passed,Passed,Passed,Passed
697,Passed,Passed,Passed,Passed,Passed,Passed,Passed,Passed,Passed
698,Passed,Passed,Passed,Passed,Passed,Passed,Passed,Passed,Passed
699,Passed,Passed,Passed,Passed,Passed,Passed,Passed,Passed,Passed
700,Passed,Passed,Passed,Passed,Passed,Passed,Passed,Passed,Passed
701,Passed,Passed,Passed,Passed,Passed,Passed,Passed,Passed,Passed
702,Passed,Passed,Passed,Passed,Passed,Passed,Passed,Passed,Passed
703,Passed,Passed,Passed,Passed,Passed,Passed,Passed,Passed,Passed
704,Passed,Passed,Passed,Passed,Passed,Passed,Passed,Passed,Passed
705,Passed,Passed,Passed,Passed,Passed,Passed,Passed,Passed,Passed
706,Passed,Passed,Passed,Passed,Passed,Passed,Passed,Passed,Passed
707,Passed,Passed,Passed,Passed,Passed,Passed,Passed,Passed,Passed
708,Passed,Passed,Passed,Passed,Passed,Passed,Passed,Passed,Passed
709,Passed,Passed,Passed,Passed,Passed,Passed,Passed,Passed,Passed
710,Passed,Passed,Passed,Passed,Passed,Passed,Passed,Passed,Passed
711,Passed,Passed,Passed,Passed,Passed,Passed,Passed,Passed,Passed
712,Passed,Passed,Passed,Passed,Passed,Passed,Passed,Passed,Passed
713,Passed,Passed,Passed,Passed,Passed,Passed,Passed,Passed,Passed
714,Passed,Passed,Passed,Passed,Passed,Passed,Passed,Passed,Passed
715,Passed,Passed,Passed,Passed,Passed,Passed,Passed,Passed,Passed
716,Passed,Passed,Passed,Passed,Passed,Passed,Passed,Passed,Passed
717,Passed,Passed,Passed,Passed,Passed,Passed,Passed,Passed,Passed
718,Passed,Passed,Passed,Passed,Passed,Passed,Passed,Passed,Passed
719,Passed,Passed,Passed,Passed,Passed,Passed,Passed,Passed,Passed
720,Passed,Passed,Passed,Passed,Passed,Passed,Passed,Passed,Passed
721,Passed,Passed,Passed,Passed,Passed,Passed,Passed,Passed,Passed
722,Passed,Passed,Passed,Passed,Passed,Passed,Passed,Passed,Passed
723,Passed,Passed,Passed,Passed,Passed,Passed,Passed,Passed,Passed
724,Passed,Passed,Passed,Passed,Passed,Passed,Passed,Passed,Passed
725,Passed,Passed,Passed,Passed,Passed,Passed,Passed,Passed,Passed
726,Passed,Passed,Passed,Passed,Passed,Passed,Passed,Passed,Passed
727,Passed,Passed,Passed,Passed,Passed,Passed,Passed,Passed,Passed
728,Passed,Passed,Passed,Passed,Passed,Passed,Passed,Passed,Passed
729,Passed,Passed,Passed,Passed,Passed,Passed,Passed,Passed,Passed
730,Passed,Passed,Passed,Passed,Passed,Passed,Passed,Passed,Passed
731,Passed,Passed,Passed,Passed,Passed,Passed,Passed,Passed,Passed
732,Passed,Passed,Passed,Passed,Passed,Passed,Passed,Passed,Passed
733,Passed,Passed,Passed,Passed,Passed,Passed,Passed,Passed,Passed
734,Passed,Passed,Passed,Passed,Passed,Passed,Passed,Passed,Passed
735,Passed,Passed,Passed,Passed,Passed,Passed,Passed,Passed,Passed
736,Passed,Passed,Passed,Passed,Passed,Passed,Passed,Passed,Passed
737,Passed,Passed,Passed,Passed,Passed,Passed,Passed,Passed,Passed
738,Passed,Passed,Passed,Passed,Passed,Passed,Passed,Passed,Passed
739,Passed,Passed,Passed,Passed,Passed,Passed,Passed,Passed,Passed
740,Passed,Passed,Passed,Passed,Passed,Passed,Passed,Passed,Passed
741,Passed,Passed,Passed,Passed,Passed,Passed,Passed,Passed,Passed
742,Passed,Passed,Passed,Passed,Passed,Passed,Passed,Passed,Passed
743,Passed,Passed,Passed,Passed,Passed,Passed,Passed,Passed,Passed
744,Passed,Passed,Passed,Passed,Passed,Passed,Passed,Passed,Passed
745,Passed,Passed,Passed,Passed,Passed,Passed,Passed,Passed,Passed
746,Passed,Passed,Passed,Passed,Passed,Passed,Passed,Passed,Passed
747,Passed,Passed,Passed,Passed,Passed,Passed,Passed,Passed,Passed
748,Passed,Passed,Passed,Passed,Passed,Passed,Passed,Passed,Passed
749,Passed,Passed,Passed,Passed,Passed,Passed,Passed,Passed,Passed
750,Passed,Passed,Passed,Passed,Passed,Passed,Passed,Passed,Passed
751,Passed,Passed,Passed,Passed,Passed,Passed,Passed,Passed,Passed
752,Passed,Passed,Passed,Passed,Passed,Passed,Passed,Passed,Passed
753,Passed,Passed,Passed,Passed,Passed,Passed,Passed,Passed,Passed
754,Passed,Passed,Passed,Passed,Passed,Passed,Passed,Passed,Passed
755,Passed,Passed,Passed,Passed,Passed,Passed,Passed,Passed,Passed
756,Passed,Passed,Passed,Passed,Passed,Passed,Passed,Passed,Passed
757,Passed,Passed,Passed,Passed,Passed,Passed,Passed,Passed,Passed
758,Passed,Passed,Passed,Passed,Passed,Passed,Passed,Passed,Passed
759,Passed,Passed,Passed,Passed,Failed,Passed,Passed,Passed,Passed
760,Passed,Passed,Passed,Passed,Passed,Passed,Passed,Passed,Passed
761,Passed,Passed,Passed,Passed,Passed,Passed,Passed,Passed,Passed
762,Passed,Passed,Passed,Passed,Passed,Passed,Passed,Passed,Passed
763,Passed,Passed,Passed,Passed,Passed,Passed,Passed,Passed,Passed
764,Passed,Passed,Passed,Passed,Passed,Passed,Passed,Passed,Passed
765,Passed,Passed,Passed,Passed,Passed,Passed,Passed,Passed,Passed
766,Passed,Passed,Passed,Passed,Passed,Passed,Passed,Passed,Passed
767,Passed,Passed,Passed,Passed,Passed,Passed,Passed,Passed,Passed
768,Passed,Passed,Passed,Passed,Passed,Passed,Passed,Passed,Passed
769,Passed,Passed,Passed,Passed,Passed,Passed,Passed,Passed,Passed
770,Passed,Passed,Passed,Passed,Passed,Passed,Passed,Passed,Passed
771,Passed,Passed,Passed,Passed,Passed,Passed,Passed,Passed,Passed
772,Passed,Passed,Passed,Passed,Passed,Passed,Passed,Passed,Passed
773,Passed,Passed,Passed,Passed,Passed,Passed,Passed,Passed,Passed
774,Passed,Passed,Passed,Passed,Passed,Passed,Passed,Passed,Passed
775,Passed,Passed,Passed,Passed,Passed,Passed,Passed,Passed,Passed
776,Passed,Passed,Passed,Passed,Passed,Passed,Passed,Passed,Passed
777,Passed,Passed,Passed,Passed,Passed,Passed,Passed,Passed,Passed
778,Passed,Passed,Passed,Passed,Passed,Passed,Passed,Passed,Passed
779,Passed,Passed,Passed,Passed,Passed,Passed,Passed,Passed,Passed
780,Passed,Passed,Passed,Passed,Passed,Passed,Passed,Passed,Passed
781,Passed,Passed,Passed,Passed,Passed,Passed,Passed,Passed,Passed
782,Passed,Passed,Passed,Passed,Passed,Passed,Passed,Passed,Passed
783,Passed,Passed,Passed,Passed,Passed,Passed,Passed,Passed,Passed
784,Passed,Passed,Passed,Passed,Passed,Passed,Passed,Passed,Passed
785,Passed,Failed,Passed,Passed,Passed,Passed,Passed,Passed,Passed
786,Passed,Passed,Passed,Passed,Passed,Passed,Passed,Passed,Passed
787,Passed,Passed,Passed,Passed,Passed,Passed,Passed,Passed,Passed
788,Passed,Passed,Passed,Passed,Passed,Passed,Passed,Passed,Passed
789,Passed,Passed,Passed,Passed,Passed,Passed,Passed,Passed,Passed
790,Passed,Passed,Passed,Passed,Passed,Passed,Passed,Passed,Passed
791,Passed,Passed,Passed,Passed,Passed,Passed,Passed,Passed,Passed
792,Passed,Passed,Passed,Passed,Passed,Passed,Passed,Passed,Passed
793,Passed,Passed,Passed,Passed,Passed,Passed,Passed,Passed,Passed
794,Passed,Passed,Passed,Passed,Passed,Passed,Passed,Passed,Passed
795,Passed,Passed,Passed,Passed,Passed,Passed,Passed,Passed,Passed
796,Passed,Passed,Passed,Passed,Passed,Passed,Passed,Passed,Passed
797,Passed,Passed,Passed,Passed,Passed,Passed,Passed,Passed,Passed
798,Passed,Passed,Passed,Passed,Passed,Passed,Passed,Passed,Passed
799,Passed,Passed,Passed,Passed,Passed,Passed,Passed,Passed,Passed
800,Passed,Passed,Passed,Passed,Passed,Passed,Passed,Passed,Passed
801,Passed,Passed,Passed,Passed,Passed,Passed,Passed,Passed,Passed
802,Passed,Passed,Passed,Passed,Passed,Passed,Passed,Passed,Passed
803,Passed,Passed,Passed,Passed,Passed,Passed,Passed,Passed,Passed
804,Passed,Passed,Passed,Passed,Passed,Passed,Passed,Passed,Passed
805,Passed,Passed,Passed,Passed,Passed,Passed,Passed,Passed,Passed
806,Passed,Passed,Passed,Passed,Passed,Passed,Passed,Passed,Passed
807,Passed,Passed,Passed,Passed,Passed,Passed,Passed,Passed,Passed
808,Passed,Passed,Passed,Passed,Passed,Passed,Passed,Passed,Passed
809,Passed,Passed,Passed,Passed,Passed,Passed,Passed,Passed,Passed
810,Passed,Passed,Passed,Passed,Passed,Passed,Passed,Passed,Passed
811,Passed,Passed,Passed,Passed,Passed,Passed,Passed,Passed,Passed
812,Passed,Passed,Passed,Passed,Passed,Passed,Passed,Passed,Passed
813,Passed,Passed,Passed,Passed,Passed,Passed,Passed,Passed,Passed
814,Passed,Passed,Passed,Passed,Passed,Passed,Passed,Passed,Passed
815,Passed,Passed,Passed,Passed,Passed,Passed,Passed,Passed,Passed
816,Passed,Passed,Passed,Passed,Passed,Passed,Passed,Passed,Passed
817,Passed,Passed,Passed,Passed,Passed,Passed,Passed,Passed,Passed
818,Passed,Passed,Passed,Passed,Passed,Passed,Passed,Passed,Passed
819,Passed,Passed,Passed,Passed,Passed,Passed,Passed,Passed,Passed
820,Passed,Passed,Passed,Passed,Passed,Passed,Passed,Passed,Passed
821,Passed,Passed,Passed,Passed,Passed,Passed,Passed,Passed,Passed
822,Passed,Passed,Passed,Passed,Passed,Passed,Passed,Passed,Passed
823,Passed,Passed,Passed,Passed,Passed,Passed,Passed,Passed,Passed
824,Passed,Passed,Passed,Passed,Passed,Passed,Passed,Passed,Passed
825,Passed,Passed,Passed,Passed,Passed,Passed,Passed,Passed,Passed
826,Passed,Passed,Passed,Passed,Passed,Passed,Passed,Passed,Passed
827,Passed,Passed,Passed,Passed,Passed,Passed,Passed,Passed,Passed
828,Passed,Passed,Passed,Passed,Passed,Passed,Passed,Passed,Passed
829,Passed,Passed,Passed,Passed,Passed,Passed,Passed,Passed,Passed
830,Passed,Passed,Passed,Passed,Passed,Passed,Passed,Passed,Passed
831,Passed,Passed,Passed,Passed,Passed,Passed,Passed,Passed,Passed
832,Passed,Passed,Passed,Passed,Passed,Passed,Passed,Passed,Passed
833,Passed,Passed,Passed,Passed,Passed,Passed,Passed,Passed,Passed
834,Passed,Passed,Passed,Passed,Passed,Passed,Passed,Passed,Passed
835,Passed,Passed,Passed,Passed,Passed,Passed,Passed,Passed,Passed
836,Passed,Passed,Passed,Passed,Passed,Passed,Passed,Passed,Passed
837,Passed,Passed,Passed,Passed,Passed,Passed,Passed,Passed,Passed
838,Passed,Passed,Passed,Passed,Passed,Passed,Passed,Passed,Passed
839,Passed,Passed,Passed,Passed,Passed,Passed,Passed,Passed,Passed
840,Passed,Passed,Passed,Passed,Passed,Passed,Passed,Passed,Passed
841,Passed,Passed,Passed,Passed,Passed,Passed,Passed,Passed,Passed
842,Passed,Passed,Passed,Passed,Passed,Passed,Passed,Passed,Passed
843,Passed,Passed,Passed,Passed,Passed,Passed,Passed,Passed,Passed
844,Passed,Passed,Passed,Passed,Passed,Passed,Passed,Passed,Passed
845,Passed,Passed,Passed,Passed,Passed,Passed,Passed,Passed,Passed
846,Passed,Passed,Passed,Passed,Passed,Passed,Passed,Passed,Passed
847,Passed,Passed,Passed,Passed,Passed,Passed,Passed,Passed,Passed
848,Passed,Passed,Passed,Passed,Passed,Passed,Passed,Passed,Passed
849,Passed,Passed,Passed,Passed,Passed,Passed,Passed,Passed,Passed
850,Passed,Passed,Passed,Passed,Passed,Passed,Passed,Passed,Passed
851,Passed,Passed,Passed,Passed,Passed,Passed,Passed,Passed,Passed
852,Passed,Passed,Passed,Passed,Passed,Passed,Passed,Passed,Passed
853,Passed,Passed,Passed,Passed,Passed,Passed,Passed,Passed,Passed
854,Passed,Passed,Passed,Passed,Passed,Passed,Passed,Passed,Passed
855,Passed,Passed,Passed,Failed,Passed,Passed,Passed,Passed,Passed
856,Passed,Passed,Passed,Passed,Passed,Passed,Passed,Passed,Passed
857,Passed,Passed,Passed,Passed,Passed,Passed,Passed,Passed,Passed
858,Passed,Passed,Passed,Passed,Passed,Passed,Passed,Passed,Passed
859,Passed,Passed,Passed,Passed,Passed,Passed,Passed,Passed,Passed
860,Passed,Passed,Passed,Passed,Passed,Passed,Passed,Passed,Passed
861,Passed,Passed,Passed,Passed,Passed,Passed,Passed,Passed,Passed
862,Passed,Passed,Passed,Passed,Passed,Passed,Passed,Passed,Passed
863,Passed,Passed,Passed,Passed,Passed,Passed,Passed,Passed,Passed
864,Passed,Passed,Passed,Passed,Passed,Passed,Passed,Passed,Passed
865,Passed,Passed,Passed,Passed,Passed,Passed,Passed,Passed,Passed
866,Passed,Passed,Passed,Passed,Passed,Passed,Passed,Passed,Passed
867,Passed,Passed,Passed,Passed,Passed,Passed,Passed,Passed,Passed
868,Passed,Passed,Passed,Passed,Passed,Passed,Passed,Passed,Passed
869,Passed,Passed,Passed,Passed,Passed,Passed,Passed,Passed,Passed
870,Passed,Passed,Passed,Passed,Passed,Passed,Passed,Passed,Passed
871,Passed,Passed,Passed,Passed,Passed,Passed,Passed,Passed,Passed
872,Passed,Passed,Passed,Passed,Passed,Passed,Passed,Passed,Passed
873,Passed,Passed,Passed,Passed,Passed,Passed,Passed,Passed,Passed
874,Passed,Passed,Passed,Passed,Passed,Passed,Passed,Passed,Passed
875,Passed,Passed,Passed,Passed,Passed,Passed,Passed,Passed,Passed
876,Passed,Passed,Passed,Passed,Passed,Passed,Passed,Passed,Passed
877,Passed,Passed,Passed,Passed,Passed,Passed,Passed,Passed,Passed
878,Passed,Passed,Passed,Passed,Passed,Passed,Passed,Passed,Passed
879,Passed,Passed,Passed,Passed,Passed,Passed,Passed,Passed,Passed
880,Passed,Passed,Passed,Passed,Passed,Passed,Passed,Passed,Passed
881,Passed,Passed,Passed,Passed,Passed,Passed,Passed,Passed,Passed
882,Passed,Passed,Passed,Passed,Passed,Passed,Passed,Passed,Passed
883,Passed,Passed,Passed,Passed,Passed,Passed,Passed,Passed,Passed
884,Passed,Passed,Passed,Passed,Passed,Passed,Passed,Passed,Passed
885,Passed,Passed,Passed,Passed,Passed,Passed,Passed,Passed,Passed
886,Passed,Passed,Passed,Passed,Passed,Passed,Passed,Passed,Passed
887,Passed,Passed,Passed,Passed,Passed,Passed,Passed,Passed,Passed
888,Passed,Passed,Passed,Passed,Passed,Passed,Passed,Passed,Passed
889,Passed,Passed,Passed,Passed,Passed,Passed,Passed,Passed,Passed
890,Passed,Passed,Passed,Passed,Passed,Passed,Passed,Passed,Passed
891,Passed,Passed,Passed,Passed,Passed,Passed,Passed,Passed,Passed
892,Passed,Passed,Passed,Passed,Passed,Passed,Passed,Passed,Passed
893,Passed,Passed,Passed,Passed,Passed,Passed,Passed,Passed,Passed
894,Passed,Passed,Passed,Passed,Passed,Passed,Passed,Passed,Passed
895,Passed,Passed,Passed,Passed,Passed,Passed,Passed,Passed,Passed
896,Passed,Passed,Passed,Passed,Passed,Passed,Passed,Passed,Passed
897,Passed,Passed,Passed,Passed,Passed,Passed,Passed,Passed,Passed
898,Passed,Passed,Passed,Passed,Passed,Passed,Passed,Passed,Passed
899,Passed,Passed,Passed,Passed,Passed,Passed,Passed,Passed,Passed
900,Passed,Passed,Passed,Passed,Passed,Passed,Passed,Passed,Passed
901,Passed,Passed,Passed,Passed,Passed,Passed,Passed,Passed,Passed
902,Passed,Passed,Passed,Passed,Passed,Passed,Passed,Passed,Passed
903,Passed,Passed,Passed,Passed,Passed,Passed,Passed,Passed,Passed
904,Passed,Passed,Passed,Passed,Passed,Passed,Passed,Passed,Passed
905,Passed,Passed,Passed,Passed,Passed,Passed,Passed,Passed,Passed
906,Passed,Passed,Passed,Passed,Passed,Passed,Passed,Passed,Passed
907,Passed,Passed,Passed,Passed,Passed,Passed,Passed,Passed,Passed
908,Passed,Passed,Passed,Passed,Passed,Passed,Passed,Passed,Passed
909,Passed,Passed,Passed,Passed,Passed,Passed,Passed,Passed,Passed
910,Passed,Passed,Passed,Passed,Passed,Passed,Passed,Passed,Passed
911,Passed,Passed,Passed,Passed,Passed,Passed,Passed,Passed,Passed
912,Passed,Passed,Passed,Passed,Passed,Passed,Passed,Passed,Passed
913,Passed,Passed,Passed,Passed,Passed,Passed,Passed,Passed,Passed
914,Passed,Passed,Passed,Passed,Passed,Passed,Passed,Passed,Passed
915,Passed,Passed,Passed,Passed,Passed,Passed,Passed,Passed,Passed
916,Passed,Passed,Passed,Passed,Passed,Passed,Passed,Passed,Passed
917,Passed,Passed,Passed,Passed,Passed,Passed,Passed,Passed,Passed
918,Passed,Passed,Passed,Passed,Passed,Passed,Passed,Passed,Passed
919,Passed,Passed,Passed,Passed,Passed,Passed,Passed,Passed,Passed
920,Passed,Passed,Passed,Passed,Passed,Passed,Passed,Passed,Passed
921,Passed,Passed,Passed,Passed,Passed,Passed,Passed,Passed,Passed
922,Passed,Passed,Passed,Passed,Passed,Passed,Passed,Passed,Passed
923,Passed,Passed,Passed,Passed,Passed,Passed,Passed,Passed,Passed
924,Passed,Passed,Passed,Passed,Passed,Passed,Passed,Passed,Passed
925,Passed,Passed,Passed,Failed,Passed,Passed,Passed,Passed,Passed
926,Passed,Passed,Passed,Passed,Passed,Passed,Passed,Passed,Passed
927,Passed,Passed,Passed,Passed,Passed,Passed,Passed,Passed,Passed
928,Passed,Passed,Passed,Passed,Passed,Passed,Passed,Passed,Passed
929,Passed,Passed,Passed,Passed,Passed,Passed,Passed,Passed,Passed
930,Passed,Passed,Passed,Passed,Passed,Passed,Passed,Passed,Passed
931,Passed,Passed,Passed,Passed,Passed,Passed,Passed,Passed,Passed
932,Passed,Passed,Passed,Passed,Passed,Passed,Passed,Passed,Passed
933,Passed,Passed,Passed,Passed,Passed,Passed,Passed,Passed,Passed
934,Passed,Passed,Passed,Passed,Passed,Passed,Passed,Passed,Passed
935,Passed,Passed,Passed,Passed,Passed,Passed,Passed,Passed,Passed
936,Passed,Passed,Passed,Passed,Passed,Passed,Passed,Passed,Passed
937,Passed,Passed,Passed,Passed,Passed,Passed,Passed,Passed,Passed
938,Passed,Passed,Passed,Passed,Passed,Passed,Passed,Passed,Passed
939,Passed,Passed,Passed,Passed,Passed,Passed,Passed,Passed,Passed
940,Passed,Passed,Passed,Passed,Passed,Passed,Passed,Passed,Passed
941,Passed,Passed,Passed,Passed,Passed,Passed,Passed,Passed,Passed
942,Passed,Passed,Passed,Passed,Passed,Passed,Passed,Passed,Passed
943,Passed,Passed,Passed,Passed,Passed,Passed,Passed,Passed,Passed
944,Passed,Passed,Passed,Passed,Passed,Passed,Passed,Passed,Passed
945,Passed,Passed,Passed,Passed,Passed,Passed,Passed,Passed,Passed
946,Passed,Passed,Passed,Passed,Passed,Passed,Passed,Passed,Passed
947,Passed,Passed,Passed,Passed,Passed,Passed,Passed,Passed,Passed
948,Passed,Passed,Passed,Passed,Passed,Passed,Passed,Passed,Passed
949,Passed,Passed,Passed,Passed,Passed,Passed,Passed,Passed,Passed
950,Passed,Passed,Passed,Passed,Passed,Passed,Passed,Passed,Passed
951,Passed,Passed,Passed,Passed,Passed,Passed,Passed,Passed,Passed
952,Passed,Passed,Passed,Passed,Passed,Passed,Passed,Passed,Passed
953,Passed,Passed,Passed,Passed,Passed,Passed,Passed,Passed,Passed
954,Passed,Passed,Passed,Passed,Passed,Passed,Passed,Passed,Passed
955,Passed,Passed,Passed,Passed,Passed,Passed,Passed,Passed,Passed
956,Passed,Passed,Passed,Passed,Passed,Passed,Passed,Passed,Passed
957,Passed,Passed,Passed,Passed,Passed,Passed,Failed,Passed,Passed
958,Passed,Passed,Passed,Passed,Passed,Passed,Passed,Passed,Passed
959,Passed,Passed,Passed,Passed,Passed,Passed,Passed,Passed,Passed
960,Passed,Passed,Passed,Passed,Passed,Passed,Passed,Passed,Passed
961,Passed,Passed,Passed,Passed,Passed,Passed,Passed,Passed,Passed
962,Passed,Passed,Passed,Passed,Passed,Passed,Passed,Passed,Passed
963,Passed,Passed,Passed,Passed,Passed,Passed,Passed,Passed,Passed
964,Passed,Passed,Passed,Passed,Passed,Passed,Passed,Passed,Passed
965,Passed,Passed,Passed,Passed,Passed,Passed,Passed,Passed,Passed
966,Passed,Passed,Passed,Passed,Passed,Passed,Passed,Passed,Passed
967,Passed,Passed,Passed,Passed,Passed,Passed,Passed,Passed,Passed
968,Passed,Passed,Passed,Passed,Passed,Passed,Passed,Passed,Passed
969,Passed,Passed,Passed,Passed,Passed,Passed,Passed,Passed,Passed
970,Passed,Passed,Passed,Passed,Passed,Passed,Passed,Passed,Passed
971,Passed,Passed,Passed,Passed,Passed,Passed,Passed,Passed,Passed
972,Passed,Passed,Passed,Passed,Passed,Passed,Passed,Passed,Passed
973,Passed,Passed,Passed,Passed,Passed,Passed,Passed,Passed,Passed
974,Passed,Passed,Passed,Passed,Passed,Passed,Passed,Passed,Passed
975,Passed,Passed,Passed,Passed,Passed,Passed,Passed,Passed,Passed
976,Passed,Passed,Passed,Passed,Passed,Passed,Passed,Passed,Passed
977,Passed,Passed,Passed,Passed,Passed,Passed,Passed,Passed,Passed
978,Passed,Passed,Passed,Passed,Passed,Passed,Passed,Passed,Passed
979,Passed,Passed,Passed,Passed,Passed,Passed,Passed,Passed,Passed
980,Passed,Passed,Passed,Passed,Passed,Passed,Passed,Passed,Passed
981,Passed,Passed,Passed,Passed,Passed,Passed,Passed,Passed,Passed
982,Passed,Passed,Passed,Passed,Passed,Passed,Passed,Passed,Passed
983,Passed,Passed,Passed,Passed,Passed,Passed,Passed,Passed,Passed
984,Passed,Passed,Passed,Passed,Passed,Passed,Passed,Passed,Passed
985,Passed,Passed,Passed,Passed,Passed,Passed,Passed,Passed,Passed
986,Passed,Passed,Passed,Passed,Passed,Passed,Passed,Passed,Passed
987,Passed,Passed,Passed,Passed,Passed,Passed,Passed,Passed,Passed
988,Passed,Passed,Passed,Passed,Passed,Passed,Passed,Passed,Passed
989,Passed,Passed,Passed,Passed,Passed,Passed,Passed,Passed,Passed
990,Passed,Passed,Passed,Passed,Passed,Passed,Passed,Passed,Passed
991,Passed,Passed,Passed,Passed,Passed,Passed,Passed,Passed,Passed
992,Passed,Passed,Passed,Passed,Passed,Passed,Passed,Passed,Passed
993,Passed,Passed,Passed,Passed,Passed,Passed,Passed,Passed,Passed
994,Passed,Passed,Passed,Passed,Passed,Passed,Passed,Passed,Passed
995,Passed,Passed,Passed,Passed,Passed,Passed,Passed,Passed,Passed
996,Passed,Passed,Passed,Passed,Passed,Passed,Passed,Passed,Passed
997,Passed,Passed,Passed,Passed,Passed,Passed,Passed,Passed,Passed
998,Passed,Passed,Passed,Passed,Passed,Passed,Passed,Passed,Passed
999,Passed,Passed,Passed,Passed,Passed,Passed,Passed,Passed,Passed
1000,Passed,Passed,Passed,Passed,Passed,Passed,Passed,Passed,Passed
